message,label
"In the quiet village of Highbury, where the sun cast a gentle glow upon the manicured lawns, 
        Miss Eliza Bennet found herself in a most peculiar situation. 
        The arrival of Mr. Darcy had stirred not only her heart but also the whispers of the townsfolk. 
        ""How can a man so proud be so captivating?"" she mused, her thoughts a tumult of admiration and disdain. 
        As she strolled through the gardens, the scent of blooming roses filled the air, 
        reminding her that love, much like nature, often flourished in the most unexpected places.",literature
"It was the best of times, it was the worst of times, and in the heart of London, 
       young Oliver Twist wandered the cobbled streets, his stomach growling like a ravenous beast. 
       The fog hung thick in the air, obscuring the grand facades of the buildings that loomed above him. 
        ""Please, sir, I want some more,"" he had bravely declared, but the world was not kind to orphans. 
        Yet, within his heart, a flicker of hope remained, for he believed that somewhere, beyond the grime and despair, 
        lay a life filled with warmth and kindness.",literature
"On the windswept moors of Yorkshire, Catherine Earnshaw stood at the edge of the cliff, 
         her hair whipping about her face like the wild spirit within her. 
        ""Heathcliff!"" she cried into the howling wind, her voice a mixture of longing and despair. 
       The landscape mirrored her tumultuous emotions, a vast expanse of untamed beauty that echoed her own restless soul. 
       Love, she knew, was a force as fierce as the storms that raged above, capable of both elevating and destroying.",literature
"In the quaint town of Middlemarch, where the lives of its inhabitants intertwined like the branches of the ancient oaks, 
       Dorothea Brooke sought meaning beyond the confines of her societal expectations. 
       ""To be truly alive,"" she pondered, ""is to engage with the world in all its complexities."" 
       As she gazed out of her window, 
       the bustling streets below seemed to pulse with the hopes and dreams of those around her, 
       each person a thread in the rich tapestry of life.",literature
"Amidst the rolling hills of Wessex, Tess Durbeyfield walked with a heavy heart, 
       burdened by the weight of her family's expectations and her own desires. 
       The golden fields stretched endlessly before her, a stark contrast to the turmoil within. 
       ""Is it fate that governs our lives?"" she wondered, her thoughts drifting like the clouds overhead. 
       In a world where love and loss danced hand in hand, 
       Tess yearned for a moment of peace, a fleeting glimpse of happiness amidst the shadows of her past.",literature
Waranted,spam
Free ticket,spam
Urgent,spam
Don't miss this opportunity,spam
